"Tree_id","DAT","person","Mean.Tleaf","Max.Tleaf","Asat","Amax","Amin","Ci.at.Asat","E.at.Asat","Ca","A.Ci","Ci.Ca","gs.at.Asat","gs.index","Mean.gs","mean.RH","Flow","mean.Press","Max.VPD","Ciindex","Vcmax_1ptR1","Vcmax_1ptR2","Vcmax_1ptR3","vcmax_Best_Model","Jmax_Best","TPU_Best","Rd_Best","p5","sequencia","erros","Vcmax_One_Point_Method_25C_1","Vcmax_One_Point_Method_25C_2","Vcmax_One_Point_Method_25C_3","Best_Vcmax_25C","Best.Jmax_25C","Best_Vcmax_25C_Bernac","Best.Jmax_25C_Bernac","GammaStar","Kmi","TleafK.Asat","Gma2","Km2","back_filt"
"K6702L1_Before_DAT","Before_DAT","Charlie","31.5551127750933","31.6190375","5.361992167","7.220667366","0.405880262","271.5229891","0.001508425","396.8066667","0.0197478386076002","0.684270230029379","0.075838561","0.32272542144001","0.0761445934666667","60.0220621458133","500.149092552533","99.6671777585333","1.978917445","0.97417971817568","43.007642308451","43.29940024804","38.4405706842247","56.7762533867106","90.9369417855429","3.02502210680391","1.94886474541173","0","1","0.06","25.2932998841414","22.6073513879317","25.4648861572665","33.347529853046","72.9268734812105","32.2148979448351","62.1292237161825","5.92941208856357","124.792115482949","304.68114","59.2941208856357","1247.92115482949","back_filtered"
"K6704L1_Before_DAT","Before_DAT","Emmy","31.3259849606299","31.48685","6.658335","15.38856","-0.4012608","310.4332","0.002536332","404.2019","0.0214485274126608","0.768015192407557","0.1318456","0.438487830504783","0.160742060367454","60.2228184514436","500.126745406824","99.3785481364829","1.920684","0.966376629202133","44.9888813352728","45.2558691431192","40.8959846375901","63.278784776","77.85662452","5.3288826536","0.767567960800009","3.15544362088405e-30","4","0.1","26.6649347334233","24.239072607601","26.8231785541085","37.6399783260104","62.6628726044003","36.6080254115583","53.8908010988179","5.88845976216051","123.281384996477","304.53981","58.8845976216051","1232.81384996477","back_filtered"
"K6704L2_Before_DAT","Before_DAT","Charlie","31.3661042216359","31.42571","6.095425","15.09333","-0.05452939","309.1677","0.002434629","399.1302","0.019715594481571","0.774603625583832","0.1262856","0.354424977472255","0.116139761873351","59.8769822691293","500.115640633245","99.4390886015831","1.928153","0.966487595489931","41.32408216129","41.5710669001975","37.5531060070044","62.103149393","76.497237985","5.2707011573","0.754673471899988","0","4","0.12","24.5127486966006","22.2758692312543","24.6592558788559","36.8573895485798","61.527996108558","35.8059459877972","52.8290202716422","5.8842518661529","123.126676588038","304.52524","58.842518661529","1231.26676588038","back_filtered"
"K6705L1_Before_DAT","Before_DAT","Charlie","31.3820764116095","31.42936","5.962789","12.23901","0.4460257","300.7757","0.002077999","402.2541","0.0198247032589401","0.747725629148342","0.1073754","0.463084606901187","0.0913209174670185","59.9489065435356","500.121096569921","99.4631927176781","1.925704","0.971421787700113","41.6573886722902","41.9151270582018","37.7509830577221","50.736961721","63.354521545","4.2559729181","0.7807487543","3.15544362088405e-30","4","0.05","24.7345797648129","22.4151040524162","24.8876150574217","30.0848102264411","50.9438354445571","29.2131382035537","43.7128830617534","5.87922717821441","122.942064946131","304.50783","58.792271782144","1229.42064946131","back_filtered"
"K6705L1-1_Before_DAT","Before_DAT","Charlie","31.3658377248677","31.40433","5.71948","11.1987","0.2474173","301.274","0.002105266","397.3374","0.0189843132829252","0.758232172455953","0.1094235","0.56193131144827","0.088822092962963","59.8806295767196","500.118114285714","99.4460045502645","1.922667","0.96763725285722","39.780757445717","40.0274890935859","36.0653262327784","46.59434327","58.56441415","3.878289347","0.792868040999996","3.15544362088405e-30","4","0.03","23.6577763021296","21.4481944302511","23.8045086045475","27.6535333014732","47.1045340387226","26.8648567910132","40.4452193812835","5.87110780714142","122.644044213972","304.47967","58.7110780714142","1226.44044213972","back_filtered"
"K6705L2_Before_DAT","Before_DAT","Charlie","31.2864293766938","31.33091","3.936962","10.27211","-0.2493063","246.6338","0.002094375","313.7265","0.0159627836898268","0.786142707103162","0.1098089","0.386176286829522","0.0974272158807588","59.9266516531165","500.123239295393","99.3350183739837","1.898614","0.966924541582613","34.7615475391475","35.0397024598853","30.7412814802407","46.1857141916","82.2746109094","3.77959147995984","1.49983243987953","0","1","0.02","20.7451210003589","18.3458922044679","20.9111192914607","27.5342284388122","66.2627817317287","26.8090928216063","57.0773086954799","5.85341502492758","121.995883486546","304.41819","58.5341502492758","1219.95883486546","back_filtered"
"K6706L1_Before_DAT","Before_DAT","Charlie","31.7211655466667","31.76005","8.778461","14.63409","0.6634425","275.8365","0.002901358","387.0833","0.0318248708927209","0.7126024295029","0.1433561","0.0295335349836713","0.143652388533333","60.0372986666667","500.134736266667","99.19242936","2.00227","0.972800013926894","70.1129913883101","70.5631299863498","62.6953754878394","82.1667664598","111.7046308807","4.12727940837915","2.05496822513745","3.15544362088405e-30","1","0.1","40.8830750088886","36.5578431047678","41.1455520435102","47.837866364225","89.3715769136211","45.9712301600504","75.6010203795281","5.97621810188527","126.53004936588","304.84164","59.7621810188527","1265.3004936588","back_filtered"
"K6706L2_Before_DAT","Before_DAT","Emmy","31.4462465240642","31.46616","8.885514","16.1878","-0.4426187","314.6596","0.00389468","398.9823","0.0282384964577594","0.78865553684963","0.2013677","0.0619750790004274","0.200629381283422","59.9862963636364","500.13658342246","99.075991631016","1.931692","0.968712658588704","59.3846677809689","59.7286884420462","54.0354813310747","66.46143838","81.5367251","5.595159718","0.766219154000009","0","4","0.07","35.0998797649136","31.9381916011623","35.3032164895543","39.2686128510826","65.4971328764096","38.0594647735737","56.0529785297522","5.90290538654619","123.813234333072","304.58976","59.0290538654619","1238.13234333072","back_filtered"
"K6707L1_Before_DAT","Before_DAT","Charlie","31.3480924010554","31.40849","17.44208","22.00404","-0.1823936","273.6718","0.00559282","381.5692","0.063733566995211","0.717227176616981","0.2997421","0.0552088416747596","0.301468818733509","59.9631857519789","500.14752005277","99.2394147493404","1.911846","0.969463225292968","135.664763127645","136.611516437284","121.650141783506","146.553050144","164.368171696","7.34662668639672","2.18263005919016","1.26217744835362e-29","1","0.07","80.7833114640651","72.4381266497198","81.3470677831632","87.0652729446309","132.243161498634","84.625118854261","113.629207832554","5.86461585038839","122.406017444429","304.45713","58.6461585038839","1224.06017444429","back_filtered"
"K6707L1-1_Before_DAT","Before_DAT","Charlie","31.3397595","31.47157","16.43086","21.21804","-0.1918656","260.516","0.005420991","365.6481","0.0630704448095318","0.712477379206948","0.2888388","0.0839524016281149","0.291861223157895","59.9079440526316","500.142476052632","99.2637071578947","1.934704","0.969547717572296","136.006905607874","137.013940132823","121.153121467937","139.037865348","158.221268682","7.55514615880051","1.97296847640153","0","1","0.09","80.9202288346577","72.082651019824","81.5193856483433","82.639349296616","127.315178002292","80.3422943850991","109.431717903447","5.86881446230169","122.559932637633","304.47171","58.6881446230169","1225.59932637633","back_filtered"
"K6707L2_Before_DAT","Before_DAT","Charlie","30.7033349604222","30.73722","20.45201","29.73114","0.6562745","231.3037","0.006185087","334.1299","0.0884205916291006","0.692256813891843","0.3659717","0.0476049964784089","0.367397077572559","59.9786926912929","500.14589182058","99.2482959894459","1.743484","0.971772426559755","185.912677384077","187.598392450899","163.855204158581","168.922247918","182.664633187","8.29491057580039","2.28371172740117","1.26217744835362e-29","1","0.15","114.686407789193","101.079523069264","115.726297097927","104.291437782252","148.772357019153","103.032096005439","131.010795843309","5.69669338622633","116.329348231169","303.86646","56.9669338622633","1163.29348231169","back_filtered"
"K6707L2-2_Before_DAT","Before_DAT","Charlie","30.7251502116402","30.7714","19.68311","28.34707","0.3925178","224.5512","0.005965399","327.0349","0.0876553320579004","0.686627635154536","0.3520193","0.0515651414888343","0.357776863756614","60.0420498941799","500.139455026455","99.2366682275132","1.746083","0.971090904056552","186.302386077688","188.059918573214","163.399085407322","163.207936898","177.990720757","8.12978171379504","2.23218514138512","1.26217744835362e-29","1","0.13","114.859591981767","100.739194356065","115.943150113151","100.625263514083","144.898382530095","99.3620798959747","127.499410383512","5.69930747079446","116.422762669027","303.87577","56.9930747079446","1164.22762669027","back_filtered"
"K6708L1_Before_DAT","Before_DAT","Emmy","31.6810497322368","31.78294667","8.200216349","14.09855383","-0.089812973","292.8121142","0.002945887","394.7343333","0.0280050447072657","0.741795403891207","0.148114485","0.414228172488884","0.141823864489474","60.0718448755789","500.130541765789","99.253388241","2.032465408","0.968013819941776","60.9888374733372","61.3521117695895","54.9363392387921","58.141851206443","71.916791110235","4.8201784031623","0.796052369486899","0","4","0.05","35.5450338017862","32.0175644607579","35.7567544653463","33.9215034976361","57.5699085510963","32.6401290114295","48.7839152052048","5.97900636030924","126.633958209555","304.85116667","59.7900636030924","1266.33958209555","back_filtered"
"K6708L2_Before_DAT","Before_DAT","Emmy","31.90935304448","31.97586667","5.729875733","13.45736933","0.933072577","215.094821","0.002115594","317.0731875","0.0266388363344183","0.678375938047426","0.10034548","0.208127172748753","0.101381861608","59.9741678379733","500.121840943467","99.1926822290133","2.071490632","0.973124778066212","65.3011460019969","65.8514230287424","55.8687627781058","55.588590408993","68.964457079985","4.6880588737173","0.769968001151892","0","4","0.05","37.6392961288344","32.2025115224228","37.956473410255","32.0551381988396","55.0454439649542","30.6104968219526","46.1786980603992","6.04283341631179","129.02423912362","305.0682","60.4283341631179","1290.2423912362","back_filtered"
"K6709L2_Before_DAT","Before_DAT","Emmy","31.6563535603979","31.80366667","13.63857467","24.19619215","0.162072136","201.5204633","0.002958203","362.12275","0.0676783610292544","0.556497660807005","0.147656156","0.184450177681773","0.145474566007958","60.0468638131565","500.138944512467","98.7902044465517","2.025949719","0.967586486552316","165.59054991553","167.254475971426","140.34906009136","118.286159232506","141.247803846529","8.32513283177869","1.32929550533607","1.26217744835362e-29","1","0.14","96.9561356039434","82.1768060378168","97.9303931348994","69.1010687937969","113.108636408163","66.5432481627278","95.9483633669585","5.95336509247594","125.680003091342","304.7634125","59.5336509247594","1256.80003091342","back_filtered"
"K6709L2-2_Before_DAT","Before_DAT","Emmy","31.7960753071557","31.86537333","10.29619345","23.62369343","6.188901285","243.9276677","0.002627156","386.603871","0.0422100270423731","0.630949884358504","0.127345765","0.693991698636889","0.12126574642515","59.9898796244012","500.128536949401","98.761003455509","2.102121917","0.924899264974583","97.3608929426173","98.0706845100692","85.3984144044986","93.44625048171","120.930471124515","7.82898547665097","1.03142391995292","0","1","0.13","56.4235975820157","49.4909775667482","56.8349433755739","54.1949271154864","96.6578880391566","51.9519801043486","81.4975394995466","6.01109334133292","127.832799885464","304.96052258","60.1109334133292","1278.32799885464","back_filtered"
"K6709L3_Before_DAT","Before_DAT","Maquelle","31.6885949329759","31.73918","13.25136","27.91816","1.021999","187.5712","0.002222774","395.7871","0.0706470929439061","0.473919438000885","0.1087035","0.489332356485804","0.0990015898391421","59.8932701340483","500.137931099196","99.0605075067024","2.010102","0.959226142940243","181.517763283634","183.528316674719","150.89866976518","115.408457248","138.894042032","9.4416665488","0.903449646400001","0","1","0.12","105.864853979212","88.0071754486433","107.037449637699","67.305721316705","111.174153143332","64.7475816348084","94.1767648189273","5.97509160638635","126.488080831932","304.83779","59.7509160638635","1264.88080831932","back_filtered"
"K6709L6_Before_DAT","Before_DAT","Emmy","31.5986404628809","31.629025","14.08531327","29.85084058","6.327858787","101.0076879","0.002384546","300.9873333","0.139447932754829","0.335587836180879","0.118787193","0.132742320437409","0.123755075296399","59.9817437107756","500.131816332133","98.9522017544321","1.970231547","0.999300957780479","900.266501312896","950.381546031841","462.443068588179","121.606231159986","143.963393774349","10.1618341447666","0.778979704299855","0","1","0.37","527.740639370916","271.086395343452","557.118324426962","71.2586976167468","115.377882261787","68.745802504165","98.1143931250379","5.94695783783105","125.442191363296","304.74143333","59.4695783783105","1254.42191363296","back_filtered"
"K6709L8_Before_DAT","Before_DAT","Maquelle","31.5373535945946","31.60023","12.02856","28.29962","0.8207148","183.136","0.00302949","320.9488","0.0656810239384938","0.570608146844606","0.1521994","0.196265347105723","0.152441382432432","60.1417576486486","500.13461972973","99.1373310540541","1.957768","0.969304239208293","169.398352532883","171.388389969643","140.159824776891","114.691916802","137.30560029","9.39621353220004","0.823830596600115","1.26217744835362e-29","4","0.1","99.291004862178","82.1531593154239","100.457443696174","67.4289650740975","110.141343419067","65.1741887060096","93.9036542742151","5.94756879050425","125.464857778616","304.74353","59.4756879050425","1254.64857778616","back_filtered"
"K6713L1_Before_DAT","Before_DAT","Emmy","31.8089012500538","31.86066667","6.654308022","15.13528934","2.0159465","128.105171","0.001286239","309.1890667","0.0519441016319318","0.414326329088143","0.061897184","0.0672939778165988","0.0635412839274194","60.0778075728495","500.148712007796","99.6319483176075","2.027064794","0.995579083357477","200.255413102354","204.94043263351","138.507664684779","62.270235680814","76.69043976603","5.1476595362454","0.8002762987362","0","4","0.16","115.937440956976","80.1887147403729","118.649822943864","36.0904795853578","61.2874870380585","34.5819970466573","51.6456450691393","6.01690836121457","128.050666784193","304.98028667","60.1690836121457","1280.50666784193","back_filtered"
"K6713L2_Before_DAT","Before_DAT","Emmy","31.6179645636605","31.66721333","6.516047743","11.68682572","0.363616729","309.0466563","0.002695215","399.595125","0.0210843495963105","0.773399466022014","0.134906764","0.137315421444276","0.140159398748011","60.0577836955438","500.139739442971","99.6239193769231","1.974439225","0.972581609532739","45.2981118803149","45.5543923023194","41.068959589083","48.538108699612","60.81198902774","3.9883913458732","0.8095520576196","0","4","0.04","26.4683348310844","23.9971806427656","26.6180831481487","28.4130158903759","48.7235599219138","27.3944874722042","41.3992749332328","5.9646813329519","126.100566772226","304.80218125","59.646813329519","1261.00566772226","back_filtered"
"K6713L3_Before_DAT","Before_DAT","Emmy","31.5673683388204","31.617575","8.773954803","16.48699461","1.973152977","203.840592","0.002183994","343.2836875","0.0430432168436795","0.593796324796237","0.109442535","0.135224340294079","0.113946148217158","60.0218326206434","500.147860692493","99.5486691891153","1.964861455","0.980687669572173","104.41006644348","105.446391710097","88.7635590833637","82.1332773049354","111.677239060996","5.82074391570851","1.48985549712552","0","1","0.1","61.2167609093831","52.0430429647668","61.824369717919","48.2091417905309","89.5433434275023","46.5541857800158","76.2460874942521","5.94597389832016","125.405691395756","304.73805625","59.4597389832016","1254.05691395756","back_filtered"
"K6714L1_Before_DAT","Before_DAT","Charlie","31.8073181723747","31.86586","5.321119275","6.327680824","-0.342660766","245.2098564","0.001745509","357.3356667","0.0217002666741091","0.686217132100237","0.084581804","0.0545953386006203","0.0857525988021108","60.0650993410818","500.13583498153","99.6655235768338","2.03252307","0.967937834954665","49.963863616979","50.3256283161673","43.8627105528074","56.472494227945","90.6884877369425","1.8041957099533","2.3501418948599","0","1","0.06","28.9564778534538","25.4205642792446","29.1661380106529","32.7328784299875","72.4755421545937","31.3663959642111","61.077840516503","6.01091416424275","127.82608974163","304.95991333","60.1091416424275","1278.2608974163","back_filtered"
"K6714L2_Before_DAT","Before_DAT","Charlie","31.2338760346316","31.25325","7.86795","8.47708","-0.533505165","311.2557","0.003392394","393.8994","0.025278091292786","0.790190845682933","0.1806245","0.0435236656156194","0.183635958481579","59.9985596606842","500.143833861316","99.6592073478421","1.872135","0.969728201128825","52.3465100824139","52.6629035924592","47.6509231657419","75.40003081","106.169907665","2.53418586099915","2.45980258299744","0","1","0.1","31.2745391894232","28.469150314184","31.4635691976055","45.0860606458902","85.5849957891866","43.9623976639946","73.8753618608439","5.84779284767388","121.790278648002","304.39862","58.4779284767388","1217.90278648002","back_filtered"
"K6715L1_Before_DAT","Before_DAT","Emmy","31.66972688","31.68666","4.77838","13.13366","0.1303556","219.8654","0.001115618","371.0326","0.0217332058614043","0.592577040400224","0.05454453","0.184900794090173","0.0567648150933333","59.9755934933333","500.124481066667","99.5013865333333","1.987572","0.96555904198552","51.3637080124608","51.8119991881124","44.3085176901844","54.299547486","67.47393747","4.5923433846","0.766470153800009","0","4","0.08","29.9867002207982","25.8678021625923","30.2484175620119","31.6986620012938","54.0218248733978","30.5123091002056","45.7996171620718","5.96945604012409","126.278227608744","304.81852","59.6945604012409","1262.78227608744","back_filtered"
"K6715L1-1_Before_DAT","Before_DAT","Emmy","31.6495457258065","31.67137","5.024465","13.62674","1.158745","169.8164","0.001115403","326.4648","0.0295876311121894","0.52016756477268","0.05462834","0.124058459362965","0.0559692757795699","59.9657831182796","500.124984946237","99.4103459677419","1.985586","0.985602258257331","81.0895619893528","82.1610592566083","65.4440540050831","56.263041354","69.74432433","4.5397433394","0.83793001820001","0","4","0.09","47.3705367933296","38.230814078876","47.9964792633252","32.8798790118935","55.8552949887493","31.6696554250003","47.3950272365075","5.96599568201805","126.149459571104","304.80668","59.6599568201805","1261.49459571104","back_filtered"
"K6715L2_Before_DAT","Before_DAT","Charlie","31.4591706911702","31.51052667","6.644007067","14.13006945","0.042622046","236.9223643","0.001542472","385.4593333","0.028042971319445","0.614649442450016","0.077708744","0.23366848553705","0.0831189872765957","59.9399255672074","500.128529462234","99.4558004723404","1.939924227","0.967448800567216","63.2631362533102","63.7787582181543","55.4433649334417","58.267349556845","72.061904782525","4.8226371756545","0.7986795369635","3.15544362088405e-30","4","0.04","37.2809085590774","32.6727244443725","37.5847641132098","34.4026517249054","57.8744508605964","33.3305779671735","49.5030251497507","5.91864771626993","124.39412733555","304.64407333","59.1864771626993","1243.9412733555","back_filtered"
"K6716L1_Before_DAT","Before_DAT","Emmy","31.5035994133333","31.61321","8.792198","15.71365","0.1919254","244.9293","0.002403005","371.5767","0.035896881263287","0.659162159521843","0.1228395","0.621739432494554","0.101719049466667","59.8840768533333","500.129683466667","99.5643080533333","1.984556","0.961877511065969","79.9786336700418","80.6040069464692","70.4818683375332","82.2688570964","111.7881339826","5.69051459283988","1.53579377851963","0","1","0.06","47.1732393714577","41.5718285479968","47.5420989269626","48.4557685296626","89.717930743344","46.8834146798041","76.5991292611209","5.91393589680824","124.220118432184","304.62783","59.1393589680824","1242.20118432184","back_filtered"
"K6716L2_Before_DAT","Before_DAT","Emmy","31.4259124668435","31.50728","9.073316","15.56063","0.8798259","229.9849","0.003403255","323.0537","0.0394517900957845","0.711909196520578","0.1771164","0.20020368663547","0.178892161007958","59.9957350132626","500.130630503979","99.5783989655172","1.946112","0.9741826001482","89.3093873610075","90.0763846992486","77.9452642540555","84.3580698488","113.4969659692","5.49135447927962","1.64114343783886","3.15544362088405e-30","1","0.07","52.8287328943705","46.1065702871055","53.2824309737095","49.8988479805828","91.1995569223038","48.3913297452103","78.1146167408792","5.89878692336038","123.661486953169","304.57553","58.9878692336038","1236.61486953168","back_filtered"
"K6717L1_Before_DAT","Before_DAT","Charlie","31.0179307086614","31.3316","9.361662857","19.04838477","0.406073703","243.48991","0.004959455","306.832","0.0384478472105887","0.793561004067372","0.283407066","0.615577331937361","0.236373695585302","59.6069362286089","500.139036745407","99.4815059055118","1.917899042","0.968719832821964","80.9720492196947","81.6537928076449","71.7777711825463","77.852572992617","94.708287673465","6.58838640130372","0.747996213911156","0","4","0.06","49.4165661264972","43.8053749440264","49.8326285507524","47.1458513655242","76.6467675867229","46.2319805707098","66.7167462407222","5.74550670570162","118.079862152154","304.0397","57.4550670570162","1180.79862152154","back_filtered"
"K6717L2_Before_DAT","Before_DAT","Charlie","31.0764909448819","31.2284","9.450737317","20.52996921","0.45909028","236.0971005","0.004484767","307.5165","0.0400290274509322","0.767754252210857","0.248686634","0.319500596979241","0.239198339648294","59.9347630344882","500.138800524934","99.4083296587927","1.87929398","0.970417215469498","86.4900524392847","87.2398529617161","76.1664481268795","83.752390391141","101.530243227445","6.97588336378011","0.780866511340321","0","4","0.05","52.2629650061229","46.0247658641459","52.7160436823431","50.5422999051516","82.0771671490267","49.4888212732448","71.2838399776008","5.79223509229935","119.767821709583","304.20435","57.9223509229935","1197.67821709583","back_filtered"
"K6718L1_Before_DAT","Before_DAT","Charlie","31.8310689171774","31.92762","3.725689754","11.26225814","-0.627729789","282.1066975","0.002802696","336.7664667","0.0132066689200103","0.837692363685686","0.137450964","0.402561005501299","0.126521263134409","59.9730347812903","500.141156778763","99.410776756129","2.057924181","0.964453570882129","29.2839336769828","29.4609509031334","26.2298404500016","44.6155811137772","80.9903503076398","4.0405686549712","1.38355771491361","3.15544362088405e-30","1","0.1","16.9681059747825","15.1984606086951","17.0706757690532","25.8290690434909","64.7057161823719","24.731060240961","54.4727357376911","6.01205337110496","127.868755796708","304.96378667","60.1205337110495","1278.68755796708","back_filtered"
"K6718L2_Before_DAT","Before_DAT","Charlie","31.7040134909651","31.75959333","2.607738579","7.163671622","-0.374865103","310.0590406","0.002850481","350.787375","0.00841045813066352","0.883894526135668","0.142677449","0.107580970533669","0.14012324347185","60.0047232782038","500.14427968445","99.531635166622","2.004059838","0.968850668153609","18.0765087386156","18.1781482793203","16.3932158223255","30.5264567659662","39.985125983499","2.54036549311782","0.79754505535346","0","4","0.06","10.5567831135997","9.57373055124442","10.6161411789485","17.7885427757314","31.9983305729174","17.1039380925427","27.0880753675137","5.96760691427412","126.209409129579","304.81219375","59.6760691427412","1262.09409129579","back_filtered"
"K6709L2_Before_DAT","Before_DAT","Emmy","31.6561513364103","31.80366667","13.63857467","24.19619215","-0.562598454","201.5204633","0.002958203","362.12275","0.0676783610292544","0.556497660807005","0.147656156","0.184450177681773","0.145355437602564","60.0441936152564","500.138737694359","98.7903675116154","2.025949719","0.967586486552316","165.59054991553","167.254475971426","140.34906009136","118.286159232506","141.247803846529","8.32513283177869","1.32929550533607","1.26217744835362e-29","1","0.14","96.9561356039434","82.1768060378168","97.9303931348994","69.1018063896977","113.10895618279","66.5443863016494","95.949466123123","5.95336509247594","125.680003091342","304.7634125","59.5336509247594","1256.80003091342","no_back"
"K6709L2-2_Before_DAT","Before_DAT","Emmy","31.7972438807493","31.86537333","10.29619345","23.62369343","-0.391349471","243.9276677","0.002627156","386.603871","0.0422100270423731","0.630949884358504","0.127345765","1.0311260768183","0.121608310512968","59.9641466724784","500.14091487147","98.7616537865418","2.229173402","0.924899264974583","97.3608929426173","98.0706845100692","85.3984144044986","93.44625048171","120.930471124515","7.82898547665097","1.03142391995292","0","1","0.13","56.4235975820157","49.4909775667482","56.8349433755739","54.1916870099372","96.6564432831928","51.9468504085826","81.4921320447679","6.01109334133292","127.832799885464","304.96052258","60.1109334133292","1278.32799885464","no_back"
"K6709L2-2_Traditional","Traditional","Charlie","31.823792172","31.89830323","11.63522309","23.88443061","-0.501914605","212.6613042","0.00242283","384.959","0.0547124599549033","0.552425853662338","0.116964253","0.800883104512351","0.0769759862","60.009608561","500.13346989","98.720932839","2.047784449","0.918656119778575","132.945882282688","134.128327918865","113.700618537648","103.397650960262","129.070030597183","6.77999261508229","1.56667771524687","0","1","0.89","77.1303227957138","65.9649269259321","77.816334367045","59.8816041045501","103.127471968253","57.3500551415486","86.8461819380059","6.0048174016549","127.59787226863","304.93917333","60.048174016549","1275.9787226863","no_back"
"K6708L1_Before_DAT","Before_DAT","Emmy","31.6838249097442","31.78294667","8.200216349","14.09855383","-0.65042734","292.8121142","0.002945887","394.7343333","0.0280050447072657","0.741795403891207","0.148114485","0.414228172488884","0.141312233828644","60.0674278250895","500.130508158312","99.253350641202","2.032465408","0.968013819941776","60.9888374733372","61.3521117695895","54.9363392387921","58.141851206443","71.916791110235","4.8201784031623","0.796052369486899","0","4","0.05","35.5450338017862","32.0175644607579","35.7567544653463","33.9165631521341","57.5677101222562","32.6324700134318","48.7762227439216","5.97900636030924","126.633958209555","304.85116667","59.7900636030924","1266.33958209555","no_back"
"K6708L1_Traditional","Traditional","Emmy","31.769786334","31.95620968","7.029216994","12.99832188","-0.549390785","314.4264021","0.003520162","389.7764","0.0223556830694021","0.8066840426973","0.18074513","0.618223993089053","0.1105758159","60.061252798","500.12260945","99.236529516","2.055025547","0.966481756328213","47.1277104784183","47.3996295064086","42.8702938134198","53.760617558348","66.85077309646","4.4359925648828","0.803785614648401","3.15544362088405e-30","4","0.14","27.8147005140158","25.3019799023378","27.9751866961544","31.2210112710544","53.4509426096599","29.9549987834598","45.1194220268973","5.91057395540523","124.096035329564","304.61623333","59.1057395540523","1240.96035329564","no_back"
"K6708L2_Before_DAT","Before_DAT","Emmy","31.9067449222901","31.97586667","5.729875733","13.45736933","-0.603778034","215.094821","0.002115594","317.0731875","0.0266388363344183","0.678375938047426","0.10034548","0.208127172748753","0.101194044491094","59.9868154312977","500.120717263868","99.1929677221374","2.071490632","0.973124778066212","65.3011460019969","65.8514230287424","55.8687627781058","55.588590408993","68.964457079985","4.6880588737173","0.769968001151892","0","4","0.05","37.6392961288344","32.2025115224228","37.956473410255","32.0593067389214","55.0471421213287","30.6172387450731","46.1855323169359","6.04283341631179","129.02423912362","305.0682","60.4283341631179","1290.2423912362","no_back"
"K6708L2_Traditional","Traditional","Emmy","31.986107762","32.07044333","5.560368107","12.15973953","-0.734078258","302.428511","0.002406448","391.9542333","0.018385727220672","0.771591388243848","0.116475296","0.502548557592848","0.0806148427","59.988044571","500.11229763","99.16522971","2.100141155","0.961846945619316","40.0328403619447","40.2586685780021","36.1747214388359","50.421298782413","62.989520665885","4.2170213959793","0.7850630479379","0","4","0.17","23.2574406604564","21.0160315797137","23.3886376049381","28.9654129415224","50.232137213918","27.5857508937317","41.9946317965983","5.99698727576485","127.305069753797","304.91251","59.9698727576485","1273.05069753797","no_back"
"K6709L6_Before_DAT","Before_DAT","Emmy","31.598883953634","31.629025","14.08531327","29.85084058","-0.665194731","101.0076879","0.002384546","300.9873333","0.139447932754829","0.335587836180879","0.118787193","0.132742320437409","0.123510808570292","59.9757730296817","500.13069624695","98.9524830165252","1.970231547","0.999300957780479","900.266501312896","950.381546031841","462.443068588179","121.606231159986","143.963393774349","10.1618341447666","0.778979704299855","0","1","0.38","527.740639370916","271.086395343452","557.118324426962","71.2577704147526","115.377476047042","68.7443862443823","98.1130348654228","5.94695783783105","125.442191363296","304.74143333","59.4695783783105","1254.42191363296","no_back"
"K6709L6_Traditional","Traditional","Emmy","31.7105586418182","31.95895","11.50135125","24.71912","-0.512632363","224.5293283","0.002521337","384.9931935","0.0512242713995595","0.583203371100637","0.124835063","0.689193530435366","0.100537104454545","59.9674656472727","500.128855327273","98.8981401081818","2.058336355","0.949488413924523","119.420022928979","120.442374235509","103.501119210613","102.40274221975","128.256263843375","8.00831369897496","1.13868271692488","1.26217744835362e-29","1","0.48","69.895457110419","60.5782670379158","70.4938300645071","59.652299152621","102.628721169747","57.344394493069","86.8553885929047","5.95548423882194","125.758706894846","304.77067742","59.5548423882194","1257.58706894846","no_back"
"K6715L2_Before_DAT","Before_DAT","Charlie","31.4610576541071","31.51052667","6.644007067","14.13006945","-0.421019728","236.9223643","0.001542472","385.4593333","0.028042971319445","0.614649442450016","0.077708744","0.238850836115925","0.0826215808826531","59.9441205889796","500.127606504082","99.4556241262755","1.939924227","0.967448800567216","63.2631362533102","63.7787582181543","55.4433649334417","58.267349556845","72.061904782525","4.8226371756545","0.7986795369635","3.15544362088405e-30","4","0.04","37.2809085590774","32.6727244443725","37.5847641132098","34.3990815457015","57.8727476200989","33.3252521590706","49.4977097289261","5.91864771626993","124.39412733555","304.64407333","59.1864771626993","1243.9412733555","no_back"
"K6715L2_Traditional","Traditional","Charlie","31.485652184","31.61464839","7.079857834","14.64547266","-0.317335306","284.927781","0.002348942","390.3001667","0.024847902893681","0.730022186280557","0.121914066","0.638242194301025","0.0827340889","60.046985913","500.11477042","99.465835722","1.964600513","0.961699755302262","52.6030554038728","52.9511346677973","47.3880038720313","60.319736679386","74.43507886297","5.1324197559746","0.7517866079238","3.15544362088405e-30","4","0.24","31.2709112192226","28.1707222244236","31.4778337197477","35.5627336737605","59.7558699381277","34.4273137510666","51.0562876314739","5.87312328650772","122.717988484195","304.48666333","58.7312328650772","1227.17988484195","no_back"
"K6717L1_Before_DAT","Before_DAT","Charlie","31.0168508951407","31.3316","9.361662857","19.04838477","-0.361561518","243.48991","0.004959455","306.832","0.0384478472105887","0.793561004067372","0.283407066","0.615577331937361","0.236968794649616","59.6215253785422","500.137583120205","99.481483887468","1.917899042","0.968719832821964","80.9720492196947","81.6537928076449","71.7777711825463","77.852572992617","94.708287673465","6.58838640130372","0.747996213911156","0","4","0.06","49.4165661264972","43.8053749440264","49.8326285507524","47.1488955186425","76.6483448030048","46.2362207918659","66.7208579859461","5.74550670570162","118.079862152154","304.0397","57.4550670570162","1180.79862152154","no_back"
"K6717L1_Traditional","Traditional","Charlie","31.2802592588889","31.53723333","10.39582629","17.68013001","-0.522063802","278.8954367","0.003288484","385.9005","0.0372749960092839","0.722713333359247","0.176720731","0.847737141702231","0.135698881333333","60.0132261","500.129129633333","99.4537888888889","1.944524357","0.959034322977575","77.930164593329","78.4719382145751","70.1424841129517","72.404045712821","88.408158631045","5.90667915362812","0.825590500884348","0","4","0.24","46.8101307940259","42.1323228646974","47.135556695583","43.179805589483","71.2101253820246","42.0498530183347","61.3539690732157","5.82119066605112","120.819776045945","304.3058","58.2119066605111","1208.19776045945","no_back"
"K6717L2_Before_DAT","Before_DAT","Charlie","31.0774897271867","31.2284","10.95413665","20.52996921","-0.415886055","262.9262164","0.004501439","344.961","0.0416623979152198","0.762191135809555","0.250101211","0.319500596979241","0.238932973314578","59.9460736636061","500.137786445013","99.4084517476471","1.87929398","0.970417215469498","87.3274981900365","87.9870764862527","78.1055812058796","83.752390391141","101.530243227445","6.97588336378011","0.780866511340321","0","4","0.05","52.7906521180157","47.2158787480924","53.1893761064709","50.5393132717509","82.0756419128294","49.4846249716696","71.2797782707938","5.79027025346971","119.696605544583","304.19745","57.9027025346971","1196.96605544583","no_back"
"K6717L2_Traditional","Traditional","Charlie","31.385581667","31.60875","11.77753256","18.76176295","-0.532118095","303.5056019","0.005019464","383.5545","0.0388049923502911","0.791297200006779","0.282236264","0.861872994463957","0.1219365488","59.989202339","500.13275","99.359741666","1.962276128","0.954589800855021","78.6789892235358","79.183040698698","71.5955118450773","76.711216243195","93.388537503275","6.50236232738952","0.745324032168559","0","4","0.19","47.7805987651753","43.4789066130209","48.0867018497395","45.4775094646822","75.0901408421189","44.1553814624251","64.4226723714654","5.76855320736453","118.910872438982","304.12105","57.6855320736452","1189.10872438982","no_back"
"K6713L1_Before_DAT","Before_DAT","Emmy","31.8086005918926","31.86066667","6.645606253","15.13528934","-0.42779783","128.2797889","0.001285872","309.1890667","0.0518055596285753","0.41489109000244","0.061879301","0.0739506535224656","0.0634447941867008","60.0774771499744","500.147492576215","99.6319256341944","2.027064794","0.995579083357477","199.286028509488","203.931490735822","137.987705402748","62.270235680814","76.69043976603","5.1476595362454","0.8002762987362","0","4","0.16","115.376217830675","79.8876854317184","118.065698200966","36.0910332273015","61.2877208224565","34.582875561332","51.6465266917294","6.01690836121457","128.050666784193","304.98028667","60.1690836121457","1280.50666784193","no_back"
"K6713L1_Traditional","Traditional","Emmy","31.81381673","31.87229333","5.153410505","11.61608643","-0.369767789","249.0438305","0.001294747","392.9234516","0.0206927852605447","0.63382277002272","0.062559433","0.367051234024823","0.0544808946","59.981299955","500.14291162","99.643296623","2.038206306","0.95963342036568","47.2914961183616","47.6292000433807","41.6320204824364","48.256417772903","60.486269966935","4.09034406576834","0.767831297305009","0","4","0.12","27.4421584725967","24.158096008509","27.6381202286807","27.9613649370976","48.3348475445634","26.7882454823116","40.7219042231895","6.00369644231107","127.555934082073","304.93535806","60.0369644231107","1275.55934082073","no_back"
"K6713L2_Before_DAT","Before_DAT","Emmy","31.6188370717391","31.66721333","6.516047743","11.68682572","-0.392440692","309.0466563","0.002695215","399.595125","0.0210843495963105","0.773399466022014","0.134906764","0.162116648707754","0.139646258544757","60.0680407533504","500.138895804348","99.624016896624","1.974439225","0.972581609532739","45.2981118803149","45.5543923023194","41.068959589083","48.538108699612","60.81198902774","3.9883913458732","0.8095520576196","0","4","0.05","26.4683348310844","23.9971806427656","26.6180831481487","28.4116966770093","48.7229521676976","27.3924654804795","41.3972215687349","5.9646813329519","126.100566772226","304.80218125","59.646813329519","1261.00566772226","no_back"
"K6713L2_Traditional","Traditional","Emmy","31.692735602","31.93521613","5.621410811","10.49409731","-0.377629002","322.4663192","0.003149633","391.6862333","0.0174325517931486","0.823277133033718","0.159984668","0.767619720288584","0.1015640636","60.000692858","500.13753655","99.600642193","2.046607453","0.964118775740482","36.9682495105883","37.1712214668077","33.6867235706141","43.788544898151","55.320071063895","2.93878747744114","1.02897528332341","7.88860905221012e-31","4","0.54","21.6953361616468","19.7695265998359","21.8144531033431","25.5317540119209","44.2770137113003","24.5580778211651","37.5008145027575","5.94085616156731","125.215930767164","304.72048333","59.4085616156731","1252.15930767164","no_back"
"K6713L3_Before_DAT","Before_DAT","Emmy","31.5699686023919","31.62041333","9.663236792","16.48699461","-0.339531194","228.9988204","0.002181677","382.830875","0.04219775794094","0.598172287958749","0.109358456","0.144512163986833","0.1134317173257","60.0219916813486","500.146574486768","99.5486506987786","1.967925366","0.980687669572173","97.2127903608","98.0293341963497","84.6051891474827","67.652861236481","82.914366681745","5.5909111681541","0.800357254462302","0","4","0.1","57.0223044640473","49.6270381387123","57.5012662449626","39.7041299980791","66.4785924550084","38.3380646259057","56.6002649568475","5.94355440518427","125.315961077958","304.72975","59.4355440518427","1253.15961077958","no_back"
"K6713L3_Traditional","Traditional","Emmy","31.58442544","31.68296","8.146698225","13.81209621","-0.368091091","281.7660456","0.002730717","389.1454333","0.0289129877507143","0.724063605759395","0.138070367","0.562321669871856","0.1149155111","59.984974394","500.14497891","99.503248343","1.989088654","0.965903519780881","62.5279423198501","62.9322754499198","56.1448317722441","57.001148317841","70.597796998945","4.8550637396501","0.7530950089503","0","4","0.16","36.7492317202055","32.9977183982135","36.9868683885142","33.4268973581016","56.5915086431344","32.2623741558617","48.1529399467955","5.93294517397012","124.922881746051","304.69329333","59.3294517397012","1249.22881746051","no_back"
"K6702L1_Before_DAT","Before_DAT","Charlie","31.5564640691816","31.6190375","5.361992167","7.220667366","-0.341753307","271.5229891","0.001508425","396.8066667","0.0197478386076002","0.684270230029379","0.075838561","0.32272542144001","0.0760224633606138","60.0261806557545","500.147980667008","99.6670125658568","1.978917445","0.97417971817568","43.007642308451","43.29940024804","38.4405706842247","30.7534195181486","40.247562886747","2.63303056877846","0.772890131335376","0","4","0.06","25.2932998841414","22.6073513879317","25.4648861572665","18.0617033704441","32.2758838281773","17.447522787344","27.495510955791","5.92941208856357","124.792115482949","304.68114","59.2941208856357","1247.92115482949","no_back"
"K6702L1_Traditional","Traditional","Charlie","31.64662144","31.7364","4.091180911","8.221147879","-0.359173491","301.2698898","0.001615406","394.2547419","0.0135797869269842","0.764150326634283","0.081119735","0.746244314037762","0.0458601503","59.996090523","500.14163967","99.654024538","1.998892785","0.956692884632021","28.9869885153832","29.1603311831599","26.23374971035","34.7374329689659","44.8542754088555","2.97264529900999","0.769104440029974","0","4","0.17","17.0434936341615","15.4246704845264","17.1454140062351","20.3035454349774","35.9233777914342","19.5580375008714","30.4859641170405","5.93070093740516","124.839810319348","304.68557419","59.3070093740516","1248.39810319348","no_back"
"K6718L1_Before_DAT","Before_DAT","Charlie","31.8335806299745","31.92762","3.725689754","11.26225814","-0.936200865","282.1066975","0.002802696","336.7664667","0.0132066689200103","0.837692363685686","0.137450964","0.402561005501299","0.126091954048469","59.993226866199","500.139559047959","99.4111301334949","2.057924181","0.964453570882129","29.2839336769828","29.4609509031334","26.2298404500016","44.6155811137772","80.9903503076398","4.0405686549712","1.38355771491361","3.15544362088405e-30","1","0.09","16.9681059747825","15.1984606086951","17.0706757690532","25.8257770287738","64.7036871884257","24.7258131337856","54.4649692731706","6.01205337110496","127.868755796708","304.96378667","60.1205337110495","1278.68755796708","no_back"
"K6718L1_Traditional","Traditional","Charlie","31.916703687","32.0584","4.447118683","10.95291957","-0.749104633","330.171036","0.002892677","393.1003226","0.0134691362903195","0.839915454193016","0.142914444","0.61144241655518","0.0925660785","60.060111175","500.13819667","99.372293377","2.080424337","0.963878443229527","28.8373840836567","28.9864752734296","26.3101168397026","45.615621019697","57.432718160065","3.9035011620917","0.757583916275089","0","4","0.43","16.7973676248633","15.3252702647207","16.884211130397","26.2946024697208","45.8371711186961","25.1031812965644","38.4409937373067","5.98214724361437","126.751059255837","304.86189355","59.8214724361437","1267.51059255837","no_back"
"K6718L2_Before_DAT","Before_DAT","Charlie","31.7058156543112","31.76513667","2.607738579","7.163671622","-0.814455641","310.0590406","0.002850481","350.787375","0.00841045813066352","0.883894526135668","0.142677449","0.107580970533669","0.139980033920918","60.0083827885459","500.143527843367","99.5322860533673","2.004059838","0.968850668153609","18.0765087386156","18.1781482793203","16.3932158223255","30.5264567659662","39.985125983499","2.54036549311782","0.79754505535346","0","4","0.06","10.5567831135997","9.57373055124442","10.6161411789485","17.7868686264836","31.9975479866968","17.1013320985044","27.0853019313992","5.96760691427412","126.209409129579","304.81219375","59.6760691427412","1262.09409129579","no_back"
"K6718L2_Traditional","Traditional","Charlie","31.697444806","31.76453226","2.857580407","6.283559352","-0.62253066","343.7234344","0.002396449","395.2910968","0.00831360367380293","0.869545095203369","0.118372218","0.404241187742212","0.0958478147","59.993725086","500.13406442","99.532539161","2.017830883","0.967886042270998","17.7006334438349","17.788552026321","16.2129783798151","27.0217616955992","35.932649036284","2.21661734333912","0.80920616001736","0","4","0.18","10.3196789944018","9.45235846806051","10.3709365695489","15.7516754990629","28.7578823926702","15.148672786424","24.3517962244197","5.97708903235001","126.562501381775","304.84461613","59.7708903235001","1265.62501381775","no_back"
"K6714L1_Before_DAT","Before_DAT","Charlie","31.8063784548469","31.86586","5.321119275","6.327680824","-0.740856545","245.2098564","0.001745509","357.3356667","0.0217002666741091","0.686217132100237","0.084581804","0.0545953386006203","0.0857017419897959","60.063822100102","500.135122368367","99.6655015995663","2.03252307","0.967937834954665","49.963863616979","50.3256283161673","43.8627105528074","56.472494227945","90.6884877369425","1.8041957099533","2.3501418948599","0","1","0.07","28.9564778534538","25.4205642792446","29.1661380106529","32.7344485783892","72.4764073611547","31.3688865703063","61.0810994110374","6.01091416424275","127.82608974163","304.95991333","60.1091416424275","1278.2608974163","no_back"
"K6714L1_Traditional","Traditional","Charlie","31.762631989","31.79746333","5.200511943","7.134505524","-0.453021549","293.0026407","0.001969395","392.8025667","0.0177490275533889","0.74592852883209","0.095665935","0.129669842770349","0.0950387432","59.957660102","500.13292925","99.666683312","2.014437107","0.968437687468017","38.9436058930146","39.1703594246756","35.0549490897349","30.4103144471204","39.850830685258","2.53070737864244","0.79757462792732","7.88860905221012e-31","4","0.18","22.5997463782765","20.3430817605287","22.7313359470492","17.6670360853771","31.865949555747","16.9546398477445","26.9073503120236","6.003272015438","127.540056899529","304.93391333","60.03272015438","1275.40056899529","no_back"
"K6714L2_Before_DAT","Before_DAT","Charlie","31.2337179404604","31.25325","7.86795","8.47708","-0.744565901","311.2557","0.003392394","393.8994","0.025278091292786","0.790190845682933","0.1806245","0.0435236656156194","0.183540783603581","59.9966022061637","500.143516679284","99.6592017190793","1.872135","0.969728201128825","52.3465100824139","52.6629035924592","47.6509231657419","75.40003081","106.169907665","2.53418586099915","2.45980258299744","0","1","0.1","31.2745391894232","28.469150314184","31.4635691976055","45.0864704012218","85.5852311884164","43.962987131294","73.8760274846947","5.84779284767388","121.790278648002","304.39862","58.4779284767388","1217.90278648002","no_back"
"K6714L2_Traditional","Traditional","Charlie","31.333192","31.4638","6.305758","8.240949","-0.5258724","319.397","0.003262847","390.7956","0.0197426963935165","0.81729937593975","0.1719427","0.340999685031376","0.15467382","59.948043","500.14503","99.648749","1.932929","0.970240897109709","40.8713134285031","41.1101483594778","37.2912937672788","34.8162830129","44.9454496705","2.87091203669","0.805181110069999","0","4","0.18","24.3727900462402","22.2379169471148","24.5152144789303","20.7012692358866","36.1699879877221","20.129606439058","31.0975752919694","5.85724722080452","122.136127369235","304.43152","58.5724722080452","1221.36127369235","no_back"
"K6707L1_Before_DAT","Before_DAT","Charlie","31.3481421227621","31.40849","17.44208","22.00404","-0.9685688","273.6718","0.00559282","381.5692","0.063733566995211","0.717227176616981","0.2997421","0.0555082050567735","0.301157230179028","59.9611756777494","500.146066240409","99.2391771867008","1.911846","0.969463225292968","135.664763127645","136.611516437284","121.650141783506","146.553050144","164.368171696","7.34662668639672","2.18263005919016","1.26217744835362e-29","1","0.07","80.7833114640651","72.4381266497198","81.3470677831632","87.0650294826987","132.243053028633","84.6247622571509","113.628886080988","5.86461585038839","122.406017444429","304.45713","58.6461585038839","1224.06017444429","no_back"
"K6707L1-1_Before_DAT","Before_DAT","Charlie","31.3385902040816","31.47157","16.43086","21.21804","-0.8083553","260.516","0.005420991","365.6481","0.0630704448095318","0.712477379206948","0.2888388","0.0839524016281149","0.29165076505102","59.9132666326531","500.141857908163","99.2634831377551","1.934704","0.969547717572296","136.006905607874","137.013940132823","121.153121467937","139.037865348","158.221268682","7.55514615880051","1.97296847640153","0","1","0.09","80.9202288346577","72.082651019824","81.5193856483433","82.6447933724301","127.317644426226","80.3502568788976","109.439005643897","5.86881446230169","122.559932637633","304.47171","58.6881446230169","1225.59932637633","no_back"
"K6707L1_Traditional","Traditional","Charlie","31.586369","31.81842","14.9754","23.88198","-0.9075913","276.8777","0.005129661","379.5147","0.0540866960394427","0.729557247716623","0.2711386","0.60008386854546","0.18617813","59.956174","500.13233","99.272298","2.022135","0.964712056331563","115.579080657779","116.366083599995","103.721935149441","128.22117772","149.37396398","8.3986511320003","1.49007339600089","1.26217744835362e-29","1","0.36","68.5584878156795","61.5251392093766","69.0253173778954","75.1842704746476","119.73544438323","72.5606320577382","101.87287679906","5.88433270713889","123.129647890893","304.52552","58.8433270713889","1231.29647890893","no_back"
"K6707L2_Before_DAT","Before_DAT","Charlie","30.7034323469388","30.73722","20.45201","29.73114","-0.7991503","231.3037","0.006185087","334.1299","0.0884205916291006","0.692256813891843","0.3659717","0.0476049964784089","0.367347306632653","59.9823215306122","500.145276785714","99.2482910204082","1.743484","0.971772426559755","185.912677384077","187.598392450899","163.855204158581","168.922247918","182.664633187","8.29491057580039","2.28371172740117","1.26217744835362e-29","1","0.15","114.686407789193","101.079523069264","115.726297097927","104.290797700541","148.772047603844","103.031242032613","131.010066165643","5.69669338622633","116.329348231169","303.86646","56.9669338622633","1163.29348231169","no_back"
"K6707L2-2_Before_DAT","Before_DAT","Charlie","30.7267957033248","30.77649","22.09961","28.34707","-0.8801267","258.3689","0.005978514","373.5023","0.0855351011673619","0.691746476527721","0.3524376","0.0516203454455917","0.3574437685422","60.0425272378517","500.138615856778","99.2367732225064","1.746083","0.971090904056552","174.680348426943","176.053769656783","156.376019853941","181.166881598","192.679899307","8.23025978379986","2.53361935139959","0","1","0.13","107.671428351514","96.3888014262822","108.517993101795","111.686245107584","156.851053546141","110.280162078453","138.008667054427","5.70025958137314","116.456795670967","303.87916","57.0025958137314","1164.56795670967","no_back"
"K6707L2_Traditional","Traditional","Charlie","30.963169","31.32196","19.67176","28.95324","-0.8000814","272.5029","0.006126304","373.3935","0.0721891767023397","0.729800866913859","0.3636251","0.615462738958339","0.27147305","60.016926","500.13388","99.205357","1.892387","0.966326376945195","145.570626828375","146.643526557227","131.193707293248","163.123585968","177.921727512","9.91743878079935","1.63472634239805","0","1","0.47","89.808942628198","80.9391866215636","90.4708618099286","99.1096709871177","144.142765721374","97.3210051868776","125.728416295229","5.69625266016793","116.31360254569","303.86489","56.9625266016793","1163.1360254569","no_back"
"K6706L1_Before_DAT","Before_DAT","Charlie","31.7229246803069","31.76815","8.669708","14.63409","-0.3115784","274.7288","0.00290189","384.6657","0.0315573321763135","0.714201448166551","0.1433714","0.0295335349836713","0.14356248797954","60.0392631713555","500.133741432225","99.1925179539642","2.003307","0.972800013926894","69.5920560141634","70.0410159820616","62.196513579258","81.3585359144","111.0435540196","4.12275745863998","2.04140237591995","3.15544362088405e-30","1","0.1","40.5780410119799","36.2658157176396","40.8398225576552","47.362975810747","88.8405705105816","45.5122667116141","75.1460974382371","5.97639367618949","126.536591160774","304.84224","59.7639367618949","1265.36591160774","no_back"
"K6706L1_Traditional","Traditional","Emmy","31.742465","31.83627","7.931488","13.6314","-0.465154","286.7293","0.002895838","389.2762","0.0276619375836372","0.736570332324452","0.1422453","0.274703297736435","0.13074087","59.985239","500.13673","99.140185","2.02592","0.968591456866028","60.7356410683498","61.1024785906773","54.5480249344589","56.28159794","69.7657813","4.538168234","0.838964702","3.15544362088405e-30","4","0.21","35.3167248154582","31.7187330527897","35.5300344899778","32.7311902208319","55.8016800018071","31.4321706941127","47.1599652111664","5.99187051698616","127.113913599777","304.89507","59.9187051698616","1271.13913599777","no_back"
"K6706L2_Before_DAT","Before_DAT","Emmy","31.4454356777494","31.46616","8.885514","16.1878","-0.8252366","314.6596","0.00389468","398.9823","0.0282384964577594","0.78865553684963","0.2013677","0.0619750790004274","0.200657385677749","59.9868542455243","500.135582608696","99.0761359335038","1.931692","0.968712658588704","59.3846677809689","59.7286884420462","54.0354813310747","66.46143838","81.5367251","5.595159718","0.766219154000009","0","4","0.07","35.0998797649136","31.9381916011623","35.3032164895543","39.2703691775059","65.4979673312542","38.0620785644386","56.0555652759807","5.90290538654619","123.813234333072","304.58976","59.0290538654619","1238.13234333072","no_back"
"K6706L2_Traditional","Traditional","Emmy","31.5478977777778","31.61042","8.838103","17.80822","-0.485787","297.218","0.003605829","387.6133","0.0297360960641684","0.766789994048192","0.1836226","0.257427462632595","0.167632122222222","59.9641088888889","500.135655555556","99.0324033333333","1.971386","0.964639785153421","63.632749246047","64.0191579765622","57.5004631325104","72.914112862","88.99794899","6.17822169819984","0.749085094599514","1.26217744835362e-29","4","0.25","37.4087182289589","33.8036411886187","37.6358820006382","42.8427815181937","71.3795457303009","41.3968052093943","60.8294357686145","5.93148462449245","124.868815711701","304.68827","59.3148462449245","1248.68815711701","no_back"
"K6704L1_Before_DAT","Before_DAT","Emmy","31.3300322193878","31.48685","6.658335","15.38856","-0.7554802","310.4332","0.002536332","404.2019","0.0214485274126608","0.768015192407557","0.1318456","0.442898298171319","0.159184920918367","60.2258705867347","500.126033163265","99.3782221173469","1.920684","0.966376629202133","44.9888813352728","45.2558691431192","40.8959846375901","63.278784776","77.85662452","5.3288826536","0.767567960800009","3.15544362088405e-30","4","0.1","26.6649347334233","24.239072607601","26.8231785541085","37.631378246581","62.6586485125665","36.5954693463191","53.8783797661014","5.88845976216051","123.281384996477","304.53981","58.8845976216051","1232.81384996477","no_back"
"K6704L1_Traditional","Traditional","Charlie","31.323679","31.39103","6.562342","15.64301","-0.7814496","322.5103","0.003561096","390.4482","0.0203476974223769","0.826000222308619","0.1901482","0.443126992524778","0.13389535","60.018548","500.12247","99.396281","1.909438","0.965778867631638","41.822861850527","42.0669344711214","38.2155581357933","64.292030121","79.028239545","5.46441015810003","0.750220474300081","3.15544362088405e-30","4","0.61","25.0406920740483","22.8808833583977","25.1868261993947","38.2476671864958","63.6082932353966","37.2014784209705","54.7089547391097","5.83711872244255","121.400398872539","304.36142","58.3711872244255","1214.00398872539","no_back"
"K6704L2_Before_DAT","Before_DAT","Charlie","31.3666823469388","31.42571","6.095425","15.09333","-0.6857415","309.1677","0.002434629","399.1302","0.019715594481571","0.774603625583832","0.1262856","0.354424977472255","0.115863027423469","59.8864914030612","500.114941326531","99.4387875255102","1.928153","0.966487595489931","41.32408216129","41.5710669001975","37.5531060070044","62.103149393","76.497237985","5.2707011573","0.754673471899988","0","4","0.12","24.5127486966006","22.2758692312543","24.6592558788559","36.8561954934547","61.527414499867","35.8041919143463","52.8272811877552","5.8842518661529","123.126676588038","304.52524","58.842518661529","1231.26676588038","no_back"
"K6704L2_Traditional","Traditional","Charlie","31.407929","31.48586","5.139184","14.16663","-0.6714718","319.0361","0.002593507","392.4552","0.0161084717372109","0.812923615230477","0.1350044","0.361873613008169","0.101462826","60.043997","500.11189","99.442674","1.925285","0.965375449986852","33.4452492413216","33.6400195259015","30.5048275001975","58.412937323","72.230247835","4.9730561303","0.7525383909","0","4","0.7","19.9082025842382","18.1579237544105","20.0241391184476","34.5864695821144","58.0566695806506","33.5591974619902","49.7635937547195","5.86645278280096","122.473344912001","304.46351","58.6645278280096","1224.73344912001","no_back"
"K6705L1_Before_DAT","Before_DAT","Charlie","31.3833081585678","31.42936","5.962789","12.23901","-0.2915418","300.7757","0.002077999","402.2541","0.0198247032589401","0.747725629148342","0.1073754","0.463084606901187","0.0914565037595908","59.9554281841432","500.120220204604","99.4630557033248","1.925704","0.971421787700113","41.6573886722902","41.9151270582018","37.7509830577221","50.736961721","63.354521545","4.2559729181","0.7807487543","3.15544362088405e-30","4","0.05","24.7345797648129","22.4151040524162","24.8876150574217","30.0827403555133","50.9428176216706","29.2100895235418","43.7098175542949","5.87922717821441","122.942064946131","304.50783","58.792271782144","1229.42064946131","no_back"
"K6705L1-1_Before_DAT","Before_DAT","Charlie","31.3659917091837","31.40433","5.71948","11.1987","-0.4263115","301.274","0.002105266","397.3374","0.0189843132829252","0.758232172455953","0.1094235","0.56193131144827","0.0892408040816327","59.8878006122449","500.116954336735","99.4460369132653","1.922667","0.96763725285722","39.780757445717","40.0274890935859","36.0653262327784","46.59434327","58.56441415","3.878289347","0.792868040999996","3.15544362088405e-30","4","0.03","23.6577763021296","21.4481944302511","23.8045086045475","27.6532946572289","47.1044154131533","26.8645062483896","40.4448647506156","5.87110780714142","122.644044213972","304.47967","58.7110780714142","1226.44044213972","no_back"
"K6705L1_Traditional","Traditional","Charlie","31.432287","31.5306","4.916173","9.909737","-0.3470207","302.3798","0.001950244","392.9501","0.016258271881918","0.769511955843757","0.1004416","0.85663520423555","0.052374412","59.974731","500.11327","99.412074","1.945492","0.958893585490692","34.0917161910804","34.3018166371812","30.9162124401862","41.4615637077","52.6293840165","3.55631957096999","0.759221712909978","3.15544362088405e-30","4","0.26","20.2586135295531","18.3716066422952","20.383463323447","24.5163800395052","42.2856383053167","23.771254592971","36.2091863846676","5.87511149533371","122.790954056718","304.49356","58.7511149533371","1227.90954056718","no_back"
"K6705L2_Before_DAT","Before_DAT","Charlie","31.2869830769231","31.33091","5.775823","10.27211","-0.6000351","306.2551","0.002111897","402.3387","0.0188595161354048","0.761187278280712","0.1105951","0.386176286829522","0.097781105025641","59.9415435384615","500.122008974359","99.3352051794872","1.898614","0.966924541582613","39.2116590299872","39.4524120598493","35.6290407324257","42.904569231","54.297930495","3.5469705291","0.801969587299998","3.15544362088405e-30","4","0.02","23.3996316938677","21.2616974483786","23.5433015198153","25.5773241804395","43.7303567248288","24.9033408590865","37.6675373241631","5.85368231693814","122.005662753629","304.41912","58.5368231693814","1220.05662753629","no_back"
"K6705L2_Traditional","Traditional","Charlie","31.255683","31.33653","5.971171","10.74941","-0.4479465","298.8088","0.002245571","391.5932","0.0199832501586299","0.763059215532854","0.118582","0.830387234723169","0.070734117","59.967366","500.11583","99.284315","1.897506","0.949253722094121","41.2953048996479","41.5597856154683","37.4584776138038","44.805225561","56.495658345","3.8357711421","0.757903426299989","0","4","0.1","24.7985658460303","22.4944827470177","24.9573912249012","26.7581528341419","45.5247231934095","26.0756620919836","39.2621019466645","5.82241500316187","120.864357309249","304.31008","58.2241500316187","1208.64357309249","no_back"
"K6716L1_Before_DAT","Before_DAT","Emmy","31.5032227877238","31.61321","8.792198","15.71365","-0.5074824","244.9293","0.002403005","371.5767","0.035896881263287","0.659162159521843","0.1228395","0.621739432494554","0.102087265089514","59.8983179028133","500.128732480818","99.5644032225064","1.984556","0.961877511065969","79.9786336700418","80.6040069464692","70.4818683375332","82.2688570964","111.7881339826","5.69051459283988","1.53579377851963","0","1","0.06","47.1732393714577","41.5718285479968","47.5420989269626","48.4567634214623","89.7184458516777","46.8849096294156","76.6007705338105","5.91393589680824","124.220118432184","304.62783","59.1393589680824","1242.20118432184","no_back"
"K6716L1_Traditional","Traditional","Emmy","31.524183","31.66956","9.305834","15.57755","-0.3476644","286.1928","0.003192067","387.2168","0.0325159612680682","0.739102229035517","0.1689187","0.837415158890046","0.075202898","60.043314","500.13047","99.575019","1.981651","0.948010665823819","68.4274017672657","68.8814671878212","61.7068532657899","64.031361855","78.726828975","5.4426244155","0.7503232465","0","4","0.2","40.8070323726057","36.799198768253","41.0778166174746","37.6718097851717","63.1641698101488","36.426692226793","53.8818319964915","5.85703442379024","122.128337693183","304.43078","58.5703442379024","1221.28337693183","no_back"
"K6716L2_Before_DAT","Before_DAT","Emmy","31.4283884654731","31.50728","9.073316","15.56063","-0.2024994","229.9849","0.003403255","323.0537","0.0394517900957845","0.711909196520578","0.1771164","0.20020368663547","0.178431275191816","59.9990597186701","500.129888746803","99.5782633248082","1.946112","0.9741826001482","89.3093873610075","90.0763846992486","77.9452642540555","84.3580698488","113.4969659692","5.49135447927962","1.64114343783886","3.15544362088405e-30","1","0.08","52.8287328943705","46.1065702871055","53.2824309737095","49.8920079837632","91.1959749126539","48.3811817462387","78.1036086510411","5.89878692336038","123.661486953169","304.57553","58.9878692336038","1236.61486953168","no_back"
"K6716L2_Traditional","Traditional","Emmy","31.49586","31.6381","8.885678","15.69582","-0.3077142","300.4475","0.003686726","387.2465","0.0295748109070636","0.775855947051813","0.1930261","0.82049191565917","0.127040608181818","59.9762690909091","500.126545454545","99.5597609090909","1.969056","0.959961373736622","62.2828138605198","62.6672401894075","56.4247185019683","64.502324822","79.27140319","5.4819858542","0.750137562599987","0","4","0.17","36.9340859945434","33.4601999523759","37.1620531368357","38.0074527056898","63.6284622410412","36.7827090644805","54.3420349017833","5.88579378502344","123.183355844499","304.53058","58.8579378502344","1231.83355844499","no_back"
"K6715L1_Before_DAT","Before_DAT","Emmy","31.6706186700767","31.69576","4.690017","13.13366","-0.3217911","219.972","0.001115375","368.5326","0.0213209726692488","0.596886137074441","0.05452597","0.194573832993592","0.0564913443222506","59.9778985677749","500.123844501279","99.5016197186701","1.987572","0.96555904198552","50.3848323772406","50.8241686976907","43.4675359904437","54.299547486","67.47393747","4.5923433846","0.766470153800009","0","4","0.07","29.4135806253141","25.3754118871731","29.6700557126268","31.6971744265462","54.0211569855251","30.5100079945374","45.7972961330612","5.96976592045165","126.289762186467","304.81958","59.6976592045165","1262.89762186467","no_back"
"K6715L1_Traditional","Traditional","Emmy","31.6511390909091","31.71443","4.571298","12.49865","-0.1884118","244.8117","0.001086314","393.9446","0.0186727104954543","0.621436872088106","0.05322338","0.214315152619171","0.0589973227272727","59.9901327272727","500.122572727273","99.4593781818182","1.995009","0.965050320666444","42.3793911117596","42.6987639990848","37.2622313014283","51.770874165","64.550033925","4.4179357065","0.7551571195","0","4","0.31","24.7507609853085","21.7621951738004","24.9372837689542","30.2521281822828","51.6942507336622","29.137152208047","43.8612546833996","5.96739247555073","126.201429627978","304.81146","59.6739247555073","1262.01429627978","no_back"
"K6715L1-1_Before_DAT","Before_DAT","Emmy","31.6503615601023","31.67137","5.024465","13.62674","-0.236306","169.8164","0.001115403","326.4648","0.0295876311121894","0.52016756477268","0.05462834","0.131043755404254","0.0557680867007673","59.9656967007673","500.122942455243","99.4106659079284","1.985586","0.985602258257331","81.0895619893528","82.1610592566083","65.4440540050831","56.263041354","69.74432433","4.5397433394","0.83793001820001","0","4","0.09","47.3705367933296","38.230814078876","47.9964792633252","32.8784612158813","55.8546555286621","31.6674701647949","47.3928296328292","5.96599568201805","126.149459571104","304.80668","59.6599568201805","1261.49459571104","no_back"
"K6709L8_Before_DAT","Before_DAT","Maquelle","31.5370510103627","31.60023","12.02856","28.29962","-0.5376162","183.136","0.00302949","320.9488","0.0656810239384938","0.570608146844606","0.1521994","0.196265347105723","0.152190017875648","60.1514489637306","500.133802590674","99.1373728756477","1.957768","0.969304239208293","169.398352532883","171.388389969643","140.159824776891","114.691916802","137.30560029","9.39621353220004","0.823830596600115","1.26217744835362e-29","4","0.1","99.291004862178","82.1531593154239","100.457443696174","67.4300695990409","110.141842245158","65.1758579572203","93.9052704127925","5.94756879050425","125.464857778616","304.74353","59.4756879050425","1254.64857778616","no_back"
"K6709L8_Traditional","Traditional","Maquelle","31.6521391666667","31.91315","10.279","27.3077","-0.5304386","209.2638","0.002040082","386.6336","0.0491198190991466","0.54124576860366","0.09980489","0.762002103110851","0.118457313333333","60.0621691666667","500.139541666667","99.1118091666667","2.038008","0.941834127539102","118.648444231537","119.76223906077","101.323670942107","110.74199217","132.73830465","4.23792563699898","2.43477691099694","3.15544362088405e-30","4","3.05","69.2789245868375","59.1629751533977","69.9292703075876","64.7082742244006","106.300656776163","62.3214000061149","90.1895369606038","5.96860247956395","126.246458516771","304.8156","59.6860247956395","1262.46458516771","no_back"
"K6709L3_Before_DAT","Before_DAT","Maquelle","31.6889029516539","31.73918","11.99625","27.91816","-0.5756723","171.7124","0.002231822","359.7456","0.0698624560602496","0.47731619233147","0.1090287","0.489332356485804","0.0995635789058524","59.9023740712468","500.137161323155","99.060960610687","2.010102","0.959226142940243","190.886825662662","193.337695861987","154.475280816852","113.172904936","135.54916772","9.4007198296","0.78060948879999","0","4","0.13","111.262653230433","90.0393704098413","112.691197710408","66.0008912186393","108.496376694718","63.4917164877313","91.9071724023059","5.9784277374523","126.612391410139","304.84919","59.784277374523","1266.12391410139","no_back"
"K6709L3_Traditional","Traditional","Maquelle","31.9538990909091","32.03334","7.174787","22.98909","-0.5632799","184.429","0.001258409","390.7292","0.03890270510603","0.47201232976701","0.05901546","0.523457964028866","0.0556492127272727","60.1060009090909","500.134909090909","98.9306609090909","2.07638","0.925475953284522","104.766486271531","105.864799733702","86.1339001786607","93.544855289","112.853264905","7.90925904290001","0.738687128700033","0","4","0.33","60.1713705007716","49.4699689258837","60.802173619309","53.8236003534462","90.0296042128248","51.3181901644714","75.3759783532603","6.06429479258862","129.83297680883","305.14073","60.6429479258862","1298.3297680883","no_back"
